<?xml version="1.0"?>
<Runs Version="1" Minor="0">
	<Run Id="design_1_processing_system7_0_0_synth_1" LaunchDir="C:/Users/lhass/OneDrive/Documents/Spring_2024/EE316_Vivado/P3_clock_sourcing/P3_clock_sourcing.runs/design_1_processing_system7_0_0_synth_1" FlowId="Vivado_Synthesis" FromStepId="vivado" ToStepId="vivado"/>
	<Run Id="design_1_top_level_0_0_synth_1" LaunchDir="C:/Users/lhass/OneDrive/Documents/Spring_2024/EE316_Vivado/P3_clock_sourcing/P3_clock_sourcing.runs/design_1_top_level_0_0_synth_1" FlowId="Vivado_Synthesis" FromStepId="vivado" ToStepId="vivado"/>
	<Run Id="synth_1" LaunchDir="C:/Users/lhass/OneDrive/Documents/Spring_2024/EE316_Vivado/P3_clock_sourcing/P3_clock_sourcing.runs/synth_1" FlowId="Vivado_Synthesis" FromStepId="vivado" ToStepId="vivado">
		<Parent Id="design_1_processing_system7_0_0_synth_1"/>
		<Parent Id="design_1_top_level_0_0_synth_1"/>
	</Run>
	<Parameters>
		<Parameter Name="runs.monitorLSFJobs" Val="true" Type="bool"/>
	</Parameters>
</Runs>

